companyName	website	city	region	attempts	identityTag	hosts_in_evidence	id
Affidea Clinics Padova - Istituto Diagnostico Antoniano	https://affidea.it/it/centri/affidea-istituto-diagnostico-antoniano/	Padova	Veneto	2	[IDENTITY:MISMATCH]		cmqpiaw1400e1109jnn9q5aae
Affitto stanze in appartamento - One-Bedroom Apartment	https://br.bluepillow.com/search/654cae8b3011da1e8b77ecca?dest=bkng&cat=Apartment&lat=40.95545&lng=14.53124&language=pt	Camposano	Campania	2	[IDENTITY:MISMATCH]		cmqp9r0k60001xk2879bhqset
Alp Trauma Clinic Dr. Pizzolla - RIVA DEL GARDA	https://www.alptraumaclinic.com/	Garda	Veneto	2	[IDENTITY:MISMATCH]		cmqpavv00007h109jhj9mm218
Alphacom Italia Srl	https://www.alphacomitalia.com/	Eboli	Campania	1	[IDENTITY:MISMATCH]		cmqn2xibj000hmhc2l0sep39e
Ambulatorio Family MED	http://med.ilcerchioonlus.it/servizi/ambulatorio-family-med/	San Giovanni Lupatoto	Veneto	2	[IDENTITY:MISMATCH]		cmqp7iwte0052109jzpl7cu79
Ambulatorio Medico	https://www.ambulatoriomedico.it/	Farra di Soligo	Veneto	2	[IDENTITY:MISMATCH]		cmqp8yjt70063109jqowtmkb6
AMES Centro Polidiagnostico Strumentale S.r.l.	https://www.centroames.it/	Casalnuovo di Napoli	Campania	1	[IDENTITY:MISMATCH]		cmqn3iyq1000h1272pi159rt1
Amica Life - Residenza Anziani a Santa Maria Capua Vetere	http://www.amicalife.it/residenza-anziani-santa-maria-capua-vetere	Santa Maria Capua Vetere	Campania	6	[IDENTITY:MISMATCH]		cmqn2xibr000mmhc2lnqo0a18
Antares Centro Riabilitazione Neurologico	https://www.novariabilitazione.com/contatti/	San Nicola la Strada	Campania	1	[IDENTITY:MISMATCH]		cmqp5g0cs000310ohccenb7b7
AURA – Ambulatorio di Neuropsicomotricità	http://www.saraingordigia.it/	Benevento	Campania	1	[IDENTITY:MISMATCH]		cmqmcsd87008c9g5ctit42ypy
B - Clinic srl - poliambulatorio medico	http://www.poliambulatoriobclinic.it/	Castegnero	Veneto	1	[IDENTITY:MISMATCH]		cmqp1didw001o109jwz6o80it
Brenta Medica Srl	https://brentamedica.it/	Valbrenta	Veneto	1	[IDENTITY:MISMATCH]		cmqpsq4a000k3109jyqk7s0c3
C.D.V. - Centro Diagnostico Veneto	http://www.cdvs.it/	Caldogno	Veneto	2	[IDENTITY:MISMATCH]		cmqp84sht005g109j6au2cnhl
C.M.S. s.r.l. Centro Medico	http://www.cmscentromedico.it/	Villaga	Veneto	1	[IDENTITY:MISMATCH]		cmqpwbbbg00l5109jis853amj
CAD INFISSI	https://cadinfissi.it/	Casapesenna	Campania	2	[IDENTITY:MISMATCH]		cmqn40ooq0001kwqd4mnnl9mh
Camaldoli Hospital	https://www.camaldolihospital.it/	Crispano	Campania	3	[IDENTITY:MISMATCH]	camaldolihospital.it	cmqn3iyff00021272yesaj5cz
Casa Albergo per Anziani Le Ginestre	http://www.comune.casteldisasso.ce.it/index.php?action=index&p=243	Castel di Sasso	Campania	2	[IDENTITY:MISMATCH]	comune.casteldisasso.ce.it	cmqn478520001fpq85j4fwdbq
Casa Albergo per Anziani Villa Paradiso	https://www.clinicasantarita.eu/	Venticano	Campania	2	[IDENTITY:MISMATCH]	clinicasantarita.eu	cmqmddpj7009o9g5c85o4cz7t
Casa Anziani Cameo ONLUS Aversa Campania- Gruppo Appartamento	http://www.coopcameo.it/	San Cipriano d'Aversa	Campania	2	[IDENTITY:MISMATCH]		cmql4d392000pc9w7usrn62m5
Casa Di Cura 'Trieste'	https://www.trieste.com/	Padova	Veneto	2	[IDENTITY:MISMATCH]	trieste.com	cmqozpaz0000m109j1vdvu2bh
Casa Di Cura Angrisani Srl	https://villadeifiori.it/	Nocera Inferiore	Campania	1	[IDENTITY:MISMATCH]		cmqp7u736000f2lzgxtdvvq5e
Casa di Cura Bonvicini - Privatklinik	https://casadicura.gruppobonvicini.it/	Bolzano Vicentino	Veneto	1	[IDENTITY:MISMATCH]		cmqp3si4e0038109jby2qg4e8
Casa di Cura Città di Bra	http://www.ccbra.it/	Bra	Veneto	3	[IDENTITY:MISMATCH]		cmqpkikcd00fa109jbera9iwv
Casa di cura Città di Roma	http://www.casadicuracittadiroma.com/	Monteverde	Campania	25	[IDENTITY:MISMATCH]		cmqohi44w0056aa3vqj8uwu1c
Casa di Cura Eretenia	https://www.eretenia.com/it/casa-di-cura-vicenza	Zovencedo	Veneto	2	[IDENTITY:MISMATCH]		cmqozpaz1000p109jn1wccaat
Casa di Cura La Madonnina	https://www.madonnina.it/	Scala	Campania	2	[IDENTITY:MISMATCH]		cmqp8n8m00003ctpnxtts0z2z
Casa di Cura Legnago	https://www.casadicuradomussalutis.it/	Legnago	Veneto	2	[IDENTITY:MISMATCH]		cmqp5p524003w109j0jiowchn
Casa Di Cura Meluccio S.R.L.	https://clinicaios.it/	Pomigliano d'Arco	Campania	2	[IDENTITY:MISMATCH]		cmqmd91b1008x9g5c65uk9quh
Casa di cura per anziani Primavera	http://www.coopmartinitt.it/	Scafati	Campania	2	[IDENTITY:MISMATCH]		cmqp8n8ls0001ctpn2devl6d1
Casa di cura S.Maria la Bruna - Chirurgia bariatrica, Endoscopia Digestiva, Gastroscopia e Colonscopia indolore	http://www.clinicasantamarialabruna.it/	Torre Orsaia	Campania	1	[IDENTITY:MISMATCH]	clinicasantamarialabruna.it	cmqmanmob002a9g5cx4k0f5ns
Casa di Cura S.Patrizia - Ostetricia e Ginecologia, Chirurgia Generale, Neurochirurgia, Ortopedia, Chirurgia Laparoscopica	https://www.casadicurasantapatrizia.it/	Sacco	Campania	1	[IDENTITY:MISMATCH]	casadicurasantapatrizia.it	cmqn40opq000bkwqd0etw042r
Casa di Cura San Michele (Pronto Soccorso Cardiologico)	https://www.clinicasanmichele.com/	Vitulazio	Campania	1	[IDENTITY:MISMATCH]		cmqn356xs000jzcq93frohnbg
Casa Di Cura San Vincenzo	https://www.vincenzo.com/	Villaricca	Campania	2	[IDENTITY:MISMATCH]		cmqpc51r40007d5jk81x3l73e
Casa di Cura Santa Giuliana	https://www.giuliana.it/	Verona	Veneto	2	[IDENTITY:MISMATCH]		cmqps3rmy00k0109jxt3ai8pg
CASA DI CURA SANTA MARIA DI LEUCA	https://clinicasantamariadileuca.it/	Monteverde	Campania	2	[IDENTITY:MISMATCH]		cmqohi45s005haa3vwwhe6e8v
Casa di Cura Tortorella Spa	https://www.casadicuratortorella.it/	Valva	Campania	1	[IDENTITY:MISMATCH]		cmqots2u1007jaa3vsnquk9il
Casa di Cura Villa Anna Maria - NefroCenter	https://www.villannamaria.it/	Aquara	Campania	3	[IDENTITY:MISMATCH]		cmqmaor51003b9g5c5lqxpegl
Casa di Cura Villa Berica	http://www.villaberica.it/	Altavilla Silentina	Campania	1	[IDENTITY:MISMATCH]		cmqmcn7zb007f9g5c7e0zwv01
Casa di Cura Villa Berica	https://www.villaberica.it/	Gambellara	Veneto	2	[IDENTITY:MISMATCH]		cmqpam4jo0076109jmijyaeyh
Casa di Cura Villa degli Ulivi Clinica Neuro Psichiatrica	https://www.clinicavilladegliulivi.it/	Vitulazio	Campania	1	[IDENTITY:MISMATCH]		cmqo1yoix001baa3vbpf605mw
Casa di Cura Villa Garda	http://www.villagarda.it/	Aquara	Campania	1	[IDENTITY:MISMATCH]		cmqmaor52003c9g5coqdcy823
Casa di Cura Villa Maria	http://www.casadicuravillamaria.it/	Villanova del Battista	Campania	1	[IDENTITY:MISMATCH]		cmqoqeaf4006taa3vhti4ci7j
Casa di cura Villa Regina	http://www.reginaarco.it/	Arcade	Veneto	3	[IDENTITY:MISMATCH]		cmqp2azgg002l109jffzswz6y
Casa Di Cura Villa S. Anna	http://www.villasanna.it/	Boschi Sant'Anna	Veneto	1	[IDENTITY:MISMATCH]		cmqp3eo2m0031109j4kugi1zn
Casa di Cura Villa Santa Chiara	http://www.villasantachiara.it/	Zimella	Veneto	3	[IDENTITY:MISMATCH]	villasantachiara.it	cmqp1u06h0028109jzqe4621r
Casa di Riposo "Eufemia Carrirolo"	https://fondazionecarrirolo.it/	Castagnaro	Veneto	1	[IDENTITY:MISMATCH]		cmqp5aqxm003r109jw892f08c
Casa di Riposo Istituto Padre Pio Residenza per Anziani	https://www.korian.it/strutture/rsa-istituto-padre-pio/	Tarzo	Veneto	2	[IDENTITY:MISMATCH]		cmqpnqaqe00hn109ja59vdrjc
Casa di Riposo San Francesco - Domus Aurea	http://cradomusaurea.it/casa-di-riposo-san-francesco/	Cellole	Campania	1	[IDENTITY:MISMATCH]		cmqnzkfeu000xaa3vpcxbilta
Casa di RIposo Sant'Anna	http://www.oasisanbonifacio.it/servizi-socio-assistenziali/centri-di-servizi/casa-sant-anna/ilcentro-s-annam	Sant'Anna d'Alfaedo	Veneto	1	[IDENTITY:MISMATCH]		cmqpkyd6u00fp109je5wtpmyd
Casa Di Riposo Serse Panizzoni	https://www.sersepanizzoni.it/	Sarcedo	Veneto	1	[IDENTITY:MISMATCH]		cmqp1h9s8001z109j491rfo53
Casa di Vito	https://www.vito.it/	Salerno	Campania	3	[IDENTITY:MISMATCH]		cmqp38j67000ckuhvmxdc4lrk
Casa Famiglia Giovanni Paolo II	https://www.casaperanzianiroma.it/	Roma	Campania	1	[IDENTITY:MISMATCH]		cmqo5x32t001zaa3vuyvur1t4
Casa flavia	https://www.flavia.com/	Giugliano in Campania	Campania	4	[IDENTITY:MISMATCH]		cmqoaraqo0039aa3vjlus8ef6
Casa Pilotto	https://www.pilotto.it/	Villa del Conte	Veneto	2	[IDENTITY:MISMATCH]		cmqptnlvt00kf109jvkcucpsh
Casa Vitiello	https://www.vitiello.it/	Caserta	Campania	2	[IDENTITY:MISMATCH]		cmqpauvt50007lysbekwya0kq
Casamia	https://casamiasrl.it/	Melito di Napoli	Campania	1	[IDENTITY:MISMATCH]		cmqofiagn004maa3vu4jv43w3
Ce.Di.P. Centro Diagnostico Polispecialistico S. Alfonso	http://www.centrocedip.it/	Pagani	Campania	20	[IDENTITY:MISMATCH]		cmqoow205006daa3vdnh6gya0
CE.DI.SA. Centro Diagnostico Salernitano	https://www.cedisa.it/	Salerno	Campania	1	[IDENTITY:MISMATCH]		cmqots2vf007taa3va0ptz2cd
Celzi	https://www.celzi.com/	Forino	Campania	2	[IDENTITY:MISMATCH]		cmqo74ryn002iaa3v05mvc7mn
Centri Polimedici Sanpio	https://www.polimedicisanpio.it/	Sant'Agata de' Goti	Campania	1	[IDENTITY:MISMATCH]		cmqmdhc90009s9g5cekm1nm61
Centro Analisi Cliniche Biochimica	http://www.biochimicasalute.it/	Casalbuono	Campania	1	[IDENTITY:MISMATCH]		cmqmd91at008u9g5cug0ftao5
Centro Clinico San Vitaliano - Catanzaro	http://centroclinicosanvitaliano.it/	San Vitaliano	Campania	2	[IDENTITY:MISMATCH]		cmqp623mo0008129i775gawe8
Centro Delta S.R.L.	https://www.delta.com/	Boscoreale	Campania	2	[IDENTITY:MISMATCH]		cmqmc3zdj006f9g5cvrr5w2hi
Centro di medicina e cura del sonno di Cassola	https://www.centrocuradelsonno.net/	Cassola	Veneto	1	[IDENTITY:MISMATCH]		cmqp5aqxj003p109jiizungw5
Centro di Riabilitazione De Nicola S.r.l.	http://www.riabilitazionedenicola.it/	Cerreto Sannita	Campania	1	[IDENTITY:MISMATCH]	riabilitazionedenicola.it	cmqo1yoic0016aa3vw5yq3h51
Centro Diagnostico ARMED	http://www.armed.it/	Mezzane di Sotto	Veneto	1	[IDENTITY:MISMATCH]		cmqpfyypb00ck109jda6kd0y6
Centro Diagnostico Clinica San Francesco	https://www.clinicasanfrancesco.com/	Verona	Veneto	1	[IDENTITY:MISMATCH]		cmqp5p529003y109jgzamzczm
Centro Diagnostico S. Ciro	http://www.centrodiagnosticosanciroportici.it/	Scala	Campania	1	[IDENTITY:MISMATCH]		cmqots2ui007laa3v92d19o0s
Centro Diagnostico S. Marco Srl	https://www.centrosanmarco.net/	San Marco dei Cavoti	Campania	1	[IDENTITY:MISMATCH]		cmqp4jq7g0001w0r0se78n92m
Centro Ditar	http://www.ditar.it/	Sant'Angelo a Cupolo	Campania	1	[IDENTITY:MISMATCH]		cmqp6x5gm0003qaqsobior327
Centro Gamma S.R.L.	https://www.gamma.it/	Montesarchio	Campania	1	[IDENTITY:MISMATCH]	gamma.it	cmqmdhcad009u9g5cvm3dmnbh
Centro Medica Futura - NEOREPRO P.M.A. - Dott. Raffaele Carputo	http://www.centromedicafutura.it/	Tora e Piccilli	Campania	1	[IDENTITY:MISMATCH]		cmqpa3ot40009i2pqzrpwuxxy
Centro Medico al Cristo Lavoratore | Poliambulatorio a Verona	https://centromedicoalcristolavoratore.it/	Mezzane di Sotto	Veneto	2	[IDENTITY:MISMATCH]		cmqp7iwt8004z109j7i21k2oy
Centro Medico Aurora	http://www.centromedicoaurora.it/	Susegana	Veneto	1	[IDENTITY:MISMATCH]		cmqpnhlny00hb109jp414c3ju
Centro Medico Duemila S.R.L	https://centromedicoduemila.it/	Trentola Ducenta	Campania	2	[IDENTITY:MISMATCH]		cmqpb2tfw000382aatrdads1v
Centro Medico Enne	https://www.centromedicoenne.it/	Possagno	Veneto	1	[IDENTITY:MISMATCH]		cmqp8x2gi0060109j366lfog6
Centro Medico Neuroagain	https://centromediconeuroagain.it/	Montesarchio	Campania	1	[IDENTITY:MISMATCH]		cmqmc1829005r9g5c79cxp88a
Centro Medico Polispecialistico Federico	https://www.centromedicofederico.it/it/	Faicchio	Campania	1	[IDENTITY:MISMATCH]		cmqo5x33i0028aa3vgeblmr8x
Centro Medico Promed	https://www.centromedicopromed.it/	Monteforte d'Alpone	Veneto	1	[IDENTITY:MISMATCH]		cmqpam4js0077109ji9dpurnl
Centro Medico Radices | Salerno Crescent	https://grupporadices.it/	Torraca	Campania	1	[IDENTITY:MISMATCH]		cmqo3gqid001iaa3vef5gcut2
Centro Medico Riabilitativo S.R.L.	http://www.centromedicocmr.com/	Trissino	Veneto	2	[IDENTITY:MISMATCH]		cmqps24ju00jx109jr15n57yt
Centro medico Rigenera	https://robertabernardo.it/rigenera/	San Nicola la Strada	Campania	2	[IDENTITY:MISMATCH]		cmqp5g0co000210oh0mtfb97u
Centro Medico Salus S.R.L.	http://www.saluscentromedico.it/	Salizzole	Veneto	1	[IDENTITY:MISMATCH]		cmqpd97xv009s109jhga5gdxc
Centro Medico San Marco | Poliambulatorio	http://www.centromedicosanmarco.it/	Gambugliano	Veneto	1	[IDENTITY:MISMATCH]		cmqpcy93p009m109jdotfukn4
Centro Medico San Mauro	http://www.centromedicosanmauro.it/	San Mauro la Bruca	Campania	1	[IDENTITY:MISMATCH]		cmqp4jq87000hw0r0s6anniau
Centro Medico Sociale =A. Schweitzer=	https://dotclick.it/g/Analisi_cliniche/scauri/4710-40dd89	Minturno	Campania	2	[IDENTITY:MISMATCH]		cmqo1yoig0017aa3v6sjcismy
Centro Medico Tassina	https://centromedicotassina.it/	Stienta	Veneto	1	[IDENTITY:MISMATCH]		cmqpd1ilt009q109jn2qsehse
Centro Parisi C.t.f.r. Di Radiodiagnostica e di Terapia Fisica	https://www.ctfr.it/	Casoria	Campania	1	[IDENTITY:MISMATCH]		cmqn40oqq000ikwqdrjc2ftvz
Centro PET - TC Medicina Nucleare	http://www.verrengia.it/	Salerno	Campania	2	[IDENTITY:MISMATCH]	verrengia.it	cmqoqeaei006qaa3vmaio99rf
Centro Radiologia Ecografia Tac Golia	http://www.centrogolia.com/	Aversa	Campania	1	[IDENTITY:MISMATCH]		cmqmctogw008g9g5cnbu52mnd
Centro Riabilitazione Napoli - Villa Azzurra	https://www.villazzurra.eu/	Volla	Campania	1	[IDENTITY:MISMATCH]		cmqo1yoi60014aa3vcs5qj9yc
Centro Riabilitazione Psicomotoria	http://www.sodcvs.org/valleluogo/	Ariano Irpino	Campania	2	[IDENTITY:MISMATCH]		cmqmcs8lk00869g5cx1hb90fx
Centro San Pietro Radiologia	http://www.centrosanpietrodefelice.it/	Scala	Campania	1	[IDENTITY:MISMATCH]		cmqp8n8lx0002ctpn7u6e85cc
Check Up Centro Polispecialistico	http://check-up.net/radioterapia/	Acerno	Campania	1	[IDENTITY:MISMATCH]		cmqmah5w8001s9g5crasvln7p
Clinica del Sale Sant'Agata de' Goti	https://m.aerosal.it/clinica-del-sale-santagata-de-goti	Sarno	Campania	1	[IDENTITY:MISMATCH]		cmqoqeaeg006paa3vbpv5d4w6
Clinica di cura Villa San Marco	https://www.villasanmarco.it/	San Marco Evangelista	Campania	1	[IDENTITY:MISMATCH]		cmqp4jq7o0006w0r00280jds0
Clinica Guarnieri	http://www.clinicaguarnieri.it/	Quindici	Campania	1	[IDENTITY:MISMATCH]		cmqp289i40002po3fp2p62vnc
Clinica Hebe	https://www.clinicahebe.it/	Ponte di Piave	Veneto	2	[IDENTITY:MISMATCH]		cmqpfotfi00bq109j4zmwcw7u
Clinica HERA	http://www.clinicahera.it/	Villa Literno	Campania	1	[IDENTITY:MISMATCH]		cmqn356xv000kzcq9hd89msq6
Clinica Padre Pio	http://www.clinicapadrepio.it/	Villa Literno	Campania	1	[IDENTITY:MISMATCH]		cmqmahtbw00219g5chp0rv6mt
CLINICA RUESCH CLINICA PRIVATA	http://www.clinicaruesch.it/	Succivo	Campania	1	[IDENTITY:MISMATCH]	clinicaruesch.it	cmqmctohb008n9g5cls7429th
Clinica Ruggiero Artemisia H S.r.l	http://www.clinicaruggiero.com/	Ravello	Campania	1	[IDENTITY:MISMATCH]		cmqma47nx000d9g5cz2hmax7i
Clinica Sanatrix	https://www.clinicasanatrix.it/	Bacoli	Campania	1	[IDENTITY:MISMATCH]		cmqmddpj1009n9g5cmmw7jy3g
Clinica Serena	http://clinicaserena.it/	Garda	Veneto	2	[IDENTITY:MISMATCH]		cmqpavv08007l109j8pze4y6k
Clinica Valdastico	https://www.valdastico.com/	Forni	Veneto	2	[IDENTITY:MISMATCH]		cmqpqt51a00ja109jrfn5jo6d
Clinica Villa del Sole	https://www.clinicavilladelsole.it/	Vitulazio	Campania	1	[IDENTITY:MISMATCH]		cmqn40opj0009kwqd951nauhw
Clinica Zarian: Dermatologia,Trattamenti Laser,Tricologia,Medicina Estetica,Chirurgia Plastica, Ginecologia,Endocrinologia	https://prenota.alfadocs.com/p/mirano-clinica-zarian-28935	Mirano	Veneto	2	[IDENTITY:MISMATCH]		cmqpg2d5o00cu109jnmcqaf55
Clodia Medica - Poliambulatorio Chioggia	https://clodiamedica.it/	Rosolina	Veneto	2	[IDENTITY:MISMATCH]		cmqp7okd90057109j1xowzfso
CMR Centro Medico di Diagnostica e Riabilitazione	http://www.cmrspa.it/	Sant'Agata Dé Goti	Campania	4	[IDENTITY:MISMATCH]		cmqmd91bd008z9g5chot5x41p
CMSO - Centro Medico Specialistico Orio	http://www.cmso.it/	Laurino	Campania	1	[IDENTITY:MISMATCH]		cmqmcn7zf007h9g5cv4lx76dw
Cra Malacarne _ branch of Casa Di Cura salus srl, Residenza Santa chiara	https://www.salusferrara.it/cra-malacarne/	Ferrara di Monte Baldo	Veneto	2	[IDENTITY:MISMATCH]		cmqp938v3006a109jmtqyhyiz
CUP Ufficio Cassa ULSS3 Mirano	https://www.aulss3.veneto.it/CUP	Mirano	Veneto	2	[IDENTITY:MISMATCH]		cmqpg2d6400d0109jc3k575vt
D.R.D. Diagnostica per immagini	http://www.centrodrd.it/	Aversa	Campania	2	[IDENTITY:MISMATCH]		cmqmctogy008h9g5ce1nowdth
De Masi Dr. Gaetano C.D.T. Centro Diagnostico Terapeutico S.R.L.	http://www.centrodemasi.it/	Benevento	Campania	1	[IDENTITY:MISMATCH]		cmqmcrcow007u9g5cq0ph5mon
De Masi Dr. Gaetano C.D.T. Centro Diagnostico Terapeutico S.R.L.	http://www.centrodemasi.it/	Masi	Veneto	1	[IDENTITY:MISMATCH]		cmqpfl9lo00bh109jn5acco48
Demma Nuova Casa di Cure	http://www.clinicademma.it/	Nove	Veneto	2	[IDENTITY:MISMATCH]		cmqpkikcg00fb109j0nzwxxho
Donna Più Poliambulatorio specialistico	https://donnapiu.info/	Loreggia	Veneto	2	[IDENTITY:MISMATCH]		cmqpefhso00aq109jkrqqh40w
Dynamis Lab - Centro Medico Domegliara	https://www.bernsteindynamislabdomegliara.com/	Sant'Ambrogio di Valpolicella	Veneto	1	[IDENTITY:MISMATCH]		cmqpkik6x00f4109jptcguhge
Emanuela Moretti Fisioterapia	https://emfisioterapia.it/	Ariano Irpino	Campania	2	[IDENTITY:MISMATCH]		cmqmcs8ll00879g5crjmytayl
F Medical Poliambulatorio - Ferrara	http://www.fmedicalpoliambulatorio.it/?utm_source=googlelocal&utm_medium=organic&utm_campaign=gmb&utm_content=main-botton	Ferrara di Monte Baldo	Veneto	2	[IDENTITY:MISMATCH]		cmqp938v8006c109jfnk7dpd6
Fidamedica Poliambulatorio	http://www.fidamedica.it/	Correzzola	Veneto	1	[IDENTITY:MISMATCH]		cmqpbkkil0083109jlodp36a9
Fisiocard S.r.l	https://fisiocard.com/it/	Masi	Veneto	3	[IDENTITY:MISMATCH]		cmqpfl9lt00bj109jmfxfcn3s
Fisiomas Srl	https://www.fisiomas.org/	Salizzole	Veneto	1	[IDENTITY:MISMATCH]		cmqpix4cp00ee109jlijdhfcc
Fisiomedik	https://www.fisiomedik.it/	Campora	Campania	1	[IDENTITY:MISMATCH]		cmqn2xib9000bmhc2l5nq8pno
Futura Ivf	http://www.futuraivf.it/	Cava de' Tirreni	Campania	1	[IDENTITY:MISMATCH]		cmqnzkfeh000taa3vrr95gkl1
Gaia Medical Center	https://www.gaiamedicalcenter.it/	Gaiarine	Veneto	2	[IDENTITY:MISMATCH]		cmqp9kvju0070109jta0p2w32
GENESI srl	https://www.institutobernabeu.com/it/centri/venezia/?utm_source=google&utm_medium=maps&utm_campaign=GoogleMyBusiness&utm_term=venezia	Martellago	Veneto	2	[IDENTITY:MISMATCH]		cmqpeydrk00b4109jvi9t2nim
Genesis Day Surgery Caserta	http://www.iatropolis.it/	Riardo	Campania	1	[IDENTITY:MISMATCH]	iatropolis.it	cmqm88tu5000ejc3mmdves99n
Gruppo Citrigno Diagnostica e Specialistica - Amantea	https://www.gruppocitrigno.it/	Campora	Campania	1	[IDENTITY:MISMATCH]		cmqn2xibh000gmhc2xtuwmoye
GRUPPO ISAMA	http://www.gruppoisama.it/	Amalfi	Campania	1	[IDENTITY:MISMATCH]		cmqmal3vi00269g5cnyfetrir
GVM - Santa Maria Hospital	https://ospedali.gvmnet.it/osp/ospedale-santa-maria?utm_source=google&utm_medium=Yext&utm_campaign=GVMOSM6&y_source=1_MzE1ODQ0MTEtNzE1LWxvY2F0aW9uLndlYnNpdGU%3D	Bari	Veneto	3	[IDENTITY:MISMATCH]		cmqplxqho00g9109jus6q1ekl
Heidy società cooperativa sociale	https://www.heidycooperativa.it/	Grottaminarda	Campania	1	[IDENTITY:MISMATCH]		cmqo8aopr002waa3v4cgcbhpv
Horizon - Centro Medico in provincia di Verona	https://www.horizonmed.it/	Trevenzuolo	Veneto	2	[IDENTITY:MISMATCH]		cmqpiyr8m00eh109j2x9mll7q
Hospice Nicola Falde S. Maria C. V.	http://www.hospicenicolafalde.com/	Santa Maria Capua Vetere	Campania	2	[IDENTITY:MISMATCH]		cmqp623m90002129isz4t2qdp
I R F R I srl - Gruppo Forte Sede Pellezzano	https://gruppoforte.com/	Pellezzano	Campania	1	[IDENTITY:MISMATCH]		cmqoqeae1006naa3v1yq63vxt
I.C.E.C. Casa Di Cura Villa Maria Immacolata S.r.l. Roma	https://www.villamariaimmacolata.it/	Monteverde	Campania	3	[IDENTITY:MISMATCH]	villamariaimmacolata.it	cmqn3iykc00071272ar3t4m7h
IGEA Poliambulatorio	http://www.poliambulatorioigea.com/	Monteforte d'Alpone	Veneto	1	[IDENTITY:MISMATCH]		cmqpgva7700dh109jozsderby
Igea Radiodiagnostica Frattamaggiore	https://www.igearadiodiagnostica.it/	Frattamaggiore	Campania	1	[IDENTITY:MISMATCH]		cmqo8aopj002saa3vqi5xchqi
Istituto Clinico Costiera Sorrentina	https://www.iccs-na.com/	Vico Equense	Campania	2	[IDENTITY:MISMATCH]		cmqpbu164000anwzfdo6xg6s3
Istituto Madonna della Croce	http://www.madonnadellacroce.it/	Cervarese Santa Croce	Veneto	1	[IDENTITY:MISMATCH]		cmqp95rda006m109j3jwylo0o
L.E.D. s.n.c.	https://ledlaboratorio.com/	Roccadaspide	Campania	1	[IDENTITY:MISMATCH]		cmqp2i39y0006jtawn4cogrtj
La clinica del telefono	https://www.clinicasantantimo.it/cshome/contact.php	Casandrino	Campania	2	[IDENTITY:MISMATCH]		cmqobbuy8003iaa3vyz2dcyr9
La Diagnostica Ecografica Srl	https://www.diagnosticaecografica.it/	Serrara Fontana	Campania	2	[IDENTITY:MISMATCH]		cmqp8n8np000gctpng5325fts
La Rocca	https://www.rocca.com/	Piovene Rocchette	Veneto	2	[IDENTITY:MISMATCH]		cmqpeoy8v00at109jjo0mi990
Laboratorio Analisi "S.Agata"	https://unilabsannio.it/laboratorio-s-agata/	Airola	Campania	2	[IDENTITY:MISMATCH]		cmql46eil000ec9w7ju6v5g7n
Laboratorio Analisi Cliniche CE.DI.M.	https://www.laboratoriocedim.com/	Massa Lubrense	Campania	1	[IDENTITY:MISMATCH]		cmqofiagj004laa3vsx48oa22
Laboratorio Analisi Cliniche Fra Gerardo Sasso	http://www.fragerardosasso.it/	Amalfi	Campania	1	[IDENTITY:MISMATCH]		cmqmal3va00239g5cb5ueupeu
Laboratorio Analisi Cliniche Salus Serino	https://www.saluslab.it/	Serino	Campania	2	[IDENTITY:MISMATCH]		cmqp8n8n50009ctpnm521umci
Laboratorio Analisi GE.P.O.S.	https://www.gepos.it/laboratorio-analisi-cliniche/	Telese	Campania	2	[IDENTITY:MISMATCH]	gepos.it	cmqp9azo0000b12b20u6bbqjl
Laboratorio Analisi Mendel	https://www.laboratorioanalisimendel.it/	Afragola	Campania	1	[IDENTITY:MISMATCH]		cmqmb0llm003s9g5cxrc39zd9
Laboratorio Biomedico Di G.Petrillo - Analisi Cliniche	http://www.laboratoriobiomedicopetrillo.it/	Vairano Patenora	Campania	2	[IDENTITY:MISMATCH]		cmqpb2tgn000982aagir4i1lz
LABORATORIO VALUTAZIONE COMPLESSITA' CLINICA	http://www.fsm.it/	Telese	Campania	2	[IDENTITY:MISMATCH]		cmqpa3osf0003i2pq1nqh98su
LiveMed - Centro Medico Chirurgico	http://www.livemed.online/	San Fior	Veneto	1	[IDENTITY:MISMATCH]		cmqpridwa00jq109j6rxphbs9
Luxor	https://centromedicoluxor.it/	Solopaca	Campania	2	[IDENTITY:MISMATCH]		cmqmbtbin00589g5c65yq789z
Me. Di. Mediterranea Diagnostica Srl - Centro Polispecialistico	https://mediterraneadiagnostica.com/	Pimonte	Campania	1	[IDENTITY:MISMATCH]		cmqn4j0jl0002aa3v0nrue154
Medical Center	https://www.clinicmedicalcenter.it/	Apice	Campania	1	[IDENTITY:MISMATCH]		cmqmaor4k00359g5c42oykkwr
MediClinic - La clinica delle eccellenze	https://www.centromedicoveneto.it/	Zovencedo	Veneto	1	[IDENTITY:MISMATCH]		cmqp0uimf001m109j0v2yz398
NefroCenter - Ce.pi.dial - Camposano, Nola	https://www.nefrocenter.it/store/ce-pi-dial/	Camposano	Campania	1	[IDENTITY:MISMATCH]	nefrocenter.it	cmqmctohe008p9g5c1jiqijpj
Nephrocare S.p.A. - Roccadaspide	https://www.nephrocare.it/nostri-centri-dialisi/clinic/campania/roccadaspide.html	Roccadaspide	Campania	1	[IDENTITY:MISMATCH]		cmqosc8f8007daa3vxy5toyz5
New Medical Systems Srl - Ambulatorio Polispecialistico	http://www.newmedicalsystems.it/	Monteverde	Campania	9	[IDENTITY:MISMATCH]		cmqohi458005aaa3vbk1r47zi
Nexa - Fisioterapia / Osteopatia / Wellness	https://linktr.ee/studiohesperia	Marigliano	Campania	1	[IDENTITY:MISMATCH]	linktr.ee	cmqoe7vxk004haa3vbzebyuvl
Nuovo Centro FKT	https://nuovocentrofkt.it/	Lauro	Campania	1	[IDENTITY:MISMATCH]		cmqobynqm003taa3v0mx062fg
Omniamed - Centro medico e Poliambulatorio specialistico a Dueville (Vicenza)	https://www.centro-medico-poliambulatorio-omniamed.it/	Gambugliano	Veneto	1	[IDENTITY:MISMATCH]		cmqpcy93o009l109joiwclv4v
Orsoline Missionarie del Sacro Cuore	http://www.orsolinecortina.org/	Cortina d'Ampezzo	Veneto	2	[IDENTITY:MISMATCH]		cmqpbkkiy0086109jfzdibm3r
Ospedale Ave Gratia Plena	https://www.gratiaplena.com/	San Felice a Cancello	Campania	2	[IDENTITY:MISMATCH]		cmqmb35rl003x9g5cv3flep4l
Ospedale di Montagnana	https://www.montagnana.it/	Montagnana	Veneto	2	[IDENTITY:MISMATCH]		cmqpft9id00c9109jua6hmw09
Ospedale di Portogruaro - ULSS 4 Veneto Orientale	https://www.aulss4.veneto.it/dettaglio/contenuto/ospedale-portogruaro	Portogruaro	Veneto	2	[IDENTITY:MISMATCH]		cmqpfytcx00cd109jr4k5sh1a
Ospedale San Francesco D'Assisi	https://www.casadicurasanfrancesco.com/	Oliveto Citra	Campania	2	[IDENTITY:MISMATCH]		cmqo5ceer001raa3vq7fxyh1h
Ospedale San Giuliano	https://www.giuliano.it/	Giugliano in Campania	Campania	1	[IDENTITY:MISMATCH]		cmqpbu166000bnwzfgbu4z94u
OsteoEasy | Gestionale Fisioterapisti e Osteopati	https://osteoeasy.cloud/	Vazzola	Veneto	2	[IDENTITY:MISMATCH]	osteoeasy.cloud	cmqpridw200jm109jgmejblo3
Pagotto Tullio	http://www.happygravity.it/curriculum.html	Moriago della Battaglia	Veneto	1	[IDENTITY:MISMATCH]		cmqpivhmg00e9109jp98w4p17
PlavisMed - Poliambulatorio	http://www.plavismed.com/	Possagno	Veneto	1	[IDENTITY:MISMATCH]		cmqpn1azb00gu109jju28epct
Polaris Medica	https://www.polarismedica.it/	Monselice	Veneto	2	[IDENTITY:MISMATCH]		cmqpg6mya00d7109jhpgfcxoy
POLIAMBULATORIO ARCELLA	https://www.poliambulatorioarcella.it/	Saccolongo	Veneto	1	[IDENTITY:MISMATCH]		cmqp3dyjg002x109j8qu96f9y
Poliambulatorio Città di Ferrara	http://www.polife.it/	Ferrara	Veneto	2	[IDENTITY:MISMATCH]		cmqpqg5c100iv109jrtahs3hb
Poliambulatorio Dynamo, Affi, (VR)	https://www.poliambulatoriodynamo.com/	Affi	Veneto	1	[IDENTITY:MISMATCH]		cmqp0pdz4001e109jn327nkgz
Poliambulatorio Ecomedico Tomasella	http://www.ecomedicotomasella.com/	Tombolo	Veneto	1	[IDENTITY:MISMATCH]		cmqpcm3um0090109jzu9xg1gq
Poliambulatorio Elysium	http://www.poliambulatorioelysium.it/	Correzzola	Veneto	1	[IDENTITY:MISMATCH]		cmqp05zgo001b109jdvvvj7am
Poliambulatorio Focus (Centro Salute)	https://centrosalutefocus.it/	Stanghella	Veneto	2	[IDENTITY:MISMATCH]		cmqpft9i500c7109jvom7j8hg
Poliambulatorio Hostilia Medica	https://www.hostiliamedica.com/	Melara	Veneto	1	[IDENTITY:MISMATCH]		cmqpfrc1i00bv109jud48n167
Poliambulatorio Imera Medica	https://imeramedica.it/	Monteverde	Campania	7	[IDENTITY:MISMATCH]		cmqohi45v005iaa3vzl7rhbg4
poliambulatorio insalus	https://poliambulatorioinsalus.it/	Alfano	Campania	1	[IDENTITY:MISMATCH]		cmqmcn7z9007e9g5cg24p2bng
Poliambulatorio Iucopilla	http://poliambulatorioiucopilla.it/	Mezzane di Sotto	Veneto	1	[IDENTITY:MISMATCH]		cmqpfyypc00cl109j7tlfceha
Poliambulatorio Leonardo	http://poliambulatorioleonardo.com/	Teglio Veneto	Veneto	1	[IDENTITY:MISMATCH]		cmqpdsc9m00ah109jpg14myuq
Poliambulatorio Limena Medica	https://limenamedica.it/	Correzzola	Veneto	1	[IDENTITY:MISMATCH]		cmqpbkkio0084109j6p82fjcm
Poliambulatorio Locarno	http://www.poliambulatoriolocarno.it/	Montebelluna	Veneto	2	[IDENTITY:MISMATCH]		cmqp8yjta0065109jfs9293uy
Poliambulatorio Marusia	http://www.centromarusia.it/	Vazzola	Veneto	2	[IDENTITY:MISMATCH]		cmqpqt2xv00j4109jjvl42x0z
Poliambulatorio Medicina e Sviluppo	http://www.medicinaesviluppo.it/	Silea	Veneto	2	[IDENTITY:MISMATCH]		cmqpma8p900gq109j08jx9gs5
Poliambulatorio Medico Diagnostico Biostudio Srl	http://www.biostudioangri.it/	Pimonte	Campania	1	[IDENTITY:MISMATCH]		cmqmzekiy0003tculkl995ttz
Poliambulatorio Medico Specialistico Tiepolo	http://www.poliambulatoriotiepolo.com/	Martellago	Veneto	2	[IDENTITY:MISMATCH]		cmqpeydrh00b3109j4i9ohtu8
Poliambulatorio New Life	https://www.newlifeambulatori.com/	Mezzane di Sotto	Veneto	1	[IDENTITY:MISMATCH]		cmqpfyypp00cq109jdgle196i
Poliambulatorio Ognissanti	http://www.poliambulatorioognissanti.com/	Valbrenta	Veneto	1	[IDENTITY:MISMATCH]		cmqpsq4a300k4109jaso4ld2c
Poliambulatorio Postumia	http://www.polipostumia.com/	Mozzecane	Veneto	1	[IDENTITY:MISMATCH]		cmqpiyr8j00eg109jhx5gxud9
Poliambulatorio Privato Santa Lucia	http://www.poliambulatoriosantalucia.it/	Santa Lucia di Serino	Campania	2	[IDENTITY:MISMATCH]		cmqp7cqyy00041q5byqnanogs
Poliambulatorio Progetto Donna	https://www.progettodonnapadova.it/	Noventa Padovana	Veneto	1	[IDENTITY:MISMATCH]		cmqpdjim300a3109jt4obibt1
Poliambulatorio Riabilitativo Equipe - Solesino (PD)	http://www.equipe.ro.it/	Stanghella	Veneto	1	[IDENTITY:MISMATCH]		cmqpnblo600h5109j5d0a3u34
Poliambulatorio San Fermo	http://www.poliambulatoriosanfermo.it/	Sant'Urbano	Veneto	3	[IDENTITY:MISMATCH]		cmqpl16e400fu109jfebvfm3r
Poliambulatorio San Francesco	http://www.poliambulatorio-sanfrancesco.it/?utm_source=google&utm_medium=wix_google_business_profile&utm_campaign=1715286765521507339	Legnago	Veneto	1	[IDENTITY:MISMATCH]		cmqpfrc1u00bz109je3plm6ko
Poliambulatorio Sant'Anna di Castelmassa	http://www.poliambulatoriosantanna.it/	Castelmassa	Veneto	2	[IDENTITY:MISMATCH]		cmqpfrc1p00bx109j2wo9a3h4
Poliambulatorio Sognando Ippocrate	http://poliambulatoriosognandoippocrate.it/	Buttapietra	Veneto	1	[IDENTITY:MISMATCH]		cmqp7iwtc0051109jf9cbe1ge
Poliambulatorio Specialistico Verona	http://www.polispecialisticoverona.it/	Pressana	Veneto	1	[IDENTITY:MISMATCH]		cmqpnlxim00he109j4zgdqudj
Poliambulatorio Veramed con punto prelievi	https://www.veramed.it/	Correzzola	Veneto	1	[IDENTITY:MISMATCH]		cmqp5uwfu0044109j9b3077ye
Policlinico Abano	https://policlinicoabano.it/	Montegrotto Terme	Veneto	1	[IDENTITY:MISMATCH]		cmqphtshy00dq109j9x72fjeo
Policologna srl Poliambulatorio medico privato Centro di medicina estetica	https://www.policologna.it/	Pressana	Veneto	1	[IDENTITY:MISMATCH]		cmqp1dien001x109jvgbem0iv
Polimedica Fisio&Sport srl	https://fisioandsport.com/	Fontaniva	Veneto	2	[IDENTITY:MISMATCH]		cmqp9bv0e006p109jf9rnt35l
R.S.A. MA.R.E. SUAP	https://www.suap.it/	San Michele di Pratola	Campania	2	[IDENTITY:MISMATCH]		cmqovi6wq007vaa3vynwewimr
Ray Medica Sas	https://ray-medica.it/	Domegliara	Veneto	2	[IDENTITY:MISMATCH]		cmqpkik7000f5109j3ijh28fs
Residenza Le Rose	http://www.lifesuit.it/residenza-le-rose/	Lozzo Atestino	Veneto	2	[IDENTITY:MISMATCH]		cmqpsqax500k8109j05vlw3fz
Residenza Villa della Rocca	https://istitutosanfrancesco.it/	Rocca d'Evandro	Campania	2	[IDENTITY:MISMATCH]		cmqn356vs0004zcq9sc4w5bqf
Rsa Don Loria	https://www.loria.it/	Oppido Mamertina	Veneto	2	[IDENTITY:MISMATCH]		cmqpetmyq00aw109jbzulaaqo
RSA Villa Anna - Residenza Sanitaria Assistenziale	http://www.emmeduecomunita.it/strutture/rsa-villa-anna-emme-due-sessa-aurunca	Sessa Aurunca	Campania	2	[IDENTITY:MISMATCH]		cmqp9aznf000112b2nmdgr3ms
Salus Veneto Srl - Poliambulatorio Medico	http://www.salusveneto.it/	Silea	Veneto	1	[IDENTITY:MISMATCH]		cmqpma8pc00gr109ja1sl8xsi
Salute e Cultura - Poliambulatorio	https://www.saluteecultura.it/	Silea	Veneto	2	[IDENTITY:MISMATCH]		cmqp8ant9005n109jzdo7behv
Samar	https://www.samar.it/	Albanella	Campania	1	[IDENTITY:MISMATCH]		cmqm8besz000ljc3miz0ueg1x
San Domenico Residenza Sanitaria Assistenziale	https://www.korian.it/strutture/rsa-san-domenico/	Cavallino	Campania	1	[IDENTITY:MISMATCH]		cmqp38j6n000fkuhv3pp6xksk
San Luca Medicina e Riabilitazione	https://www.sanlucacentromedico.it/	Battipaglia	Campania	1	[IDENTITY:MISMATCH]		cmqmannzr002j9g5ci8wno6jq
Sant'Antonio RSA - (Residenza Sanitaria Assistenziale)	http://www.coopcolomba.it/	Sant'Andrea di Conza	Campania	1	[IDENTITY:MISMATCH]		cmqoarapl0034aa3v53mmua0b
SE.FA.MO. Poliambulatorio e Laboratorio Analisi	http://www.sefamo.it/	Vicenza	Veneto	1	[IDENTITY:MISMATCH]		cmqpwbbbo00l6109jgjegkpm8
Serenissima Centri Dentali - Susegana	https://serenissimacentri.com/	Susegana	Veneto	1	[IDENTITY:MISMATCH]		cmqpqt2xu00j3109jy7btvi9f
Simamed Poliambulatorio	https://www.simamed.it/	Masi	Veneto	1	[IDENTITY:MISMATCH]		cmqpfl9lv00bk109jnimvoitz
Societa' Cooperativa Medica Al Centro	http://www.lasalutealcentrochioggia.it/	Chioggia	Veneto	2	[IDENTITY:MISMATCH]		cmqp7okdf0059109j2hq5qvuj
STUDIO ARCHE'	https://www.studioarche.it/	Arzano	Campania	2	[IDENTITY:MISMATCH]		cmqmb35s000439g5cminqz068
Studio Di Medicina Riabilitativa	https://www.studiomedicinariabilitativa.com/	Aversa	Campania	1	[IDENTITY:MISMATCH]		cmqmctoh5008l9g5cbimc9l35
STUDIO DI RADIOLOGIA DIAGNOSTICA di IMED Srl	https://www.alliancemedical.it/centri-diagnostici/studio-di-radiologia-diagnostica	Padova	Veneto	1	[IDENTITY:MISMATCH]	media.alliancemedical.it	cmqpiaw0z00dz109jw6ioz8p8
Studio Fisiokinesiterapia Sant'Antonio Srl	http://www.poliambulatoriosantantonio.it/	Casalserugo	Veneto	1	[IDENTITY:MISMATCH]		cmqp58bam003l109jb65uru8t
Studio Tulino - Osteopatia e Fisioterapia	http://www.osteotulino.it/	Visciano	Campania	3	[IDENTITY:MISMATCH]		cmqpc51rg000ad5jkn1uswf7s
SìMedicina Moriago della Battaglia	https://www.simedicina.it/	Moriago della Battaglia	Veneto	2	[IDENTITY:MISMATCH]		cmqpivhml00ea109jibk2na2a
Tecnomed Verona - Piazza Isolo	http://tecnomedcentridiagnostici.it/	Mezzane di Sotto	Veneto	3	[IDENTITY:MISMATCH]	tecnomedcentridiagnostici.it	cmqpfyypm00co109jqtmuqgai
THERAPYMed	https://www.therapymed.com/	Sant'Agnello	Campania	2	[IDENTITY:MISMATCH]		cmqp623mq0009129ii1xgakqh
Valentini Poliambulatorio Centro Medico	http://www.centromedicovalentini.it/	Gazzo	Veneto	1	[IDENTITY:MISMATCH]		cmqpb5vy2007w109j0av7i2ao
VenetaMed	http://www.venetamed.it/	Rosolina	Veneto	1	[IDENTITY:MISMATCH]		cmqp7256k004j109jvar28iox
Veramedica - Centro prevenzione e salute | Casalnuovo di Napoli	https://veramedica.it/	Casalnuovo di Napoli	Campania	1	[IDENTITY:MISMATCH]		cmqn3iyqh000i1272tnwngmfz
Via G. F. Montesano	https://www.montesano.it/	Roccapiemonte	Campania	1	[IDENTITY:MISMATCH]		cmqkld5t300av108e5rrr47s9
Villa Alba FONTE NUOVA [Gruppo INI] Casa di Cura	https://gruppoini.it/villa-alba-fonte-nuova/	Fonte	Veneto	2	[IDENTITY:MISMATCH]		cmqp9h41t006v109jlw7n0ho1
Villa Anthea casa di cura	https://www.villaanthea.com/	Marano di Napoli	Campania	1	[IDENTITY:MISMATCH]		cmqoe7vws0047aa3v5je4g41o
Villa Armonia	https://neomesia.com/villa-armonia	Roma	Veneto	2	[IDENTITY:MISMATCH]		cmqpkikcq00fi109j742q6rdx
Villa Elisa S.r.l.	https://www.villaelisa.com/	San Giorgio del Sannio	Campania	1	[IDENTITY:MISMATCH]		cmql4qrih0010c9w7x74d84gt
Villa Esther	https://www.villaestherbojano.it/	San Gregorio Matese	Campania	2	[IDENTITY:MISMATCH]	villaestherbojano.it	cmqp43yjt00031147ebfnhv0i
Villa Fiorita S.r.l. - Residenza Per Anziani	http://www.villafioritaeboli.it/	Eboli	Campania	1	[IDENTITY:MISMATCH]		cmqn1xyfj0001285oywnh9pbc
Villa Guardini	https://www.iciss.vr.it/it/ctrp-villa-guardini	Verona	Veneto	2	[IDENTITY:MISMATCH]		cmqpw0msy00l0109j1a3etqmd
Villa Mafalda	http://www.villamafalda.com/	Nove	Veneto	1	[IDENTITY:MISMATCH]		cmqpkikcm00ff109j1ckm8tb8
Villa Olimpia	https://www.villaolimpia.it/	Sicignano degli Alburni	Campania	2	[IDENTITY:MISMATCH]		cmqp9azno000612b2zypnpiaq
Woman Clinic Vicenza	https://vicenza.womanclinic.it/	Gambugliano	Veneto	1	[IDENTITY:MISMATCH]		cmqpcy93e009f109jblyswych
Zia Lidia	https://www.lidia.it/	Stienta	Veneto	2	[IDENTITY:MISMATCH]		cmqpnblob00h6109jxjbcva9t
